phase,stratification_type,stratum,horizon,seed,test_n,MAE,RMSE,MAPE,sMAPE,R2,relative_MAE_vs_best_stratum_percent,threshold_method,threshold_values,warning,error_rank
phase17,reliability,low,1,42,3784,1.095875076209264,2.5067158622202936,0.0147428546196377,0.0144226911016486,0.9730335885277313,33.1992878341303,rank_tertiles_from_historical_feature_values,"{""train_low_medium"": 1.0, ""train_medium_high"": 1.0, ""assignment"": ""rank_qcut_three_equal_frequency_bins""}",none,2
phase17,reliability,medium,1,42,4192,0.822733435012002,2.1543219348741247,0.0092914702297118,0.0090426600965597,0.9539981376485634,0.0,rank_tertiles_from_historical_feature_values,"{""train_low_medium"": 1.0, ""train_medium_high"": 1.0, ""assignment"": ""rank_qcut_three_equal_frequency_bins""}",none,3
phase17,reliability,high,1,42,4289,1.319810125982881,2.5572348660242064,0.0198633302250667,0.0195400303598076,0.9829887115135116,60.41770880061871,rank_tertiles_from_historical_feature_values,"{""train_low_medium"": 1.0, ""train_medium_high"": 1.0, ""assignment"": ""rank_qcut_three_equal_frequency_bins""}",none,1
phase17,reliability,low,1,2024,3784,1.2908615224205162,2.675422424139659,0.0180999027764419,0.017443115371586,0.9692816655728276,30.102922771483573,rank_tertiles_from_historical_feature_values,"{""train_low_medium"": 1.0, ""train_medium_high"": 1.0, ""assignment"": ""rank_qcut_three_equal_frequency_bins""}",none,2
phase17,reliability,medium,1,2024,4192,0.9921848755756408,2.196468690493453,0.0116072532137194,0.0113360666858563,0.9521805869221096,0.0,rank_tertiles_from_historical_feature_values,"{""train_low_medium"": 1.0, ""train_medium_high"": 1.0, ""assignment"": ""rank_qcut_three_equal_frequency_bins""}",none,3
phase17,reliability,high,1,2024,4289,1.5786108602646989,2.751269343774614,0.0241284416359552,0.0232659120113484,0.9803092529356786,59.1045075494452,rank_tertiles_from_historical_feature_values,"{""train_low_medium"": 1.0, ""train_medium_high"": 1.0, ""assignment"": ""rank_qcut_three_equal_frequency_bins""}",none,1
phase17,reliability,low,1,2025,3784,1.1038142888792977,2.4920701141003776,0.0151985838107863,0.0148206739175275,0.9733477761287204,38.86523617565836,rank_tertiles_from_historical_feature_values,"{""train_low_medium"": 1.0, ""train_medium_high"": 1.0, ""assignment"": ""rank_qcut_three_equal_frequency_bins""}",none,2
phase17,reliability,medium,1,2025,4192,0.7948816559696925,2.1357135550007897,0.0091234904586655,0.0088628363240277,0.9547894057450484,0.0,rank_tertiles_from_historical_feature_values,"{""train_low_medium"": 1.0, ""train_medium_high"": 1.0, ""assignment"": ""rank_qcut_three_equal_frequency_bins""}",none,3
phase17,reliability,high,1,2025,4289,1.3271798391557843,2.6098064402764414,0.0201980437469256,0.0198223784609076,0.9822820866883988,66.96571485685256,rank_tertiles_from_historical_feature_values,"{""train_low_medium"": 1.0, ""train_medium_high"": 1.0, ""assignment"": ""rank_qcut_three_equal_frequency_bins""}",none,1
phase17,reliability,low,1,2026,3784,1.1736078126233929,2.528524519689885,0.0155712583069239,0.0152456835440663,0.9725623269003906,31.93919063051877,rank_tertiles_from_historical_feature_values,"{""train_low_medium"": 1.0, ""train_medium_high"": 1.0, ""assignment"": ""rank_qcut_three_equal_frequency_bins""}",none,2
phase17,reliability,medium,1,2026,4192,0.8895066030152882,2.160102015684423,0.0099943558977695,0.0097607284500096,0.953750959010017,0.0,rank_tertiles_from_historical_feature_values,"{""train_low_medium"": 1.0, ""train_medium_high"": 1.0, ""assignment"": ""rank_qcut_three_equal_frequency_bins""}",none,3
phase17,reliability,high,1,2026,4289,1.3905909541159638,2.5901511448873515,0.0206345670777128,0.0203437138374677,0.9825479603714052,56.33284220736283,rank_tertiles_from_historical_feature_values,"{""train_low_medium"": 1.0, ""train_medium_high"": 1.0, ""assignment"": ""rank_qcut_three_equal_frequency_bins""}",none,1
phase17,reliability,low,1,3407,3784,1.1027429880097854,2.4807014436714616,0.0145910524600876,0.0142468997818691,0.9735903930705236,29.353752449436268,rank_tertiles_from_historical_feature_values,"{""train_low_medium"": 1.0, ""train_medium_high"": 1.0, ""assignment"": ""rank_qcut_three_equal_frequency_bins""}",none,2
phase17,reliability,medium,1,3407,4192,0.8525017381624411,2.1048962741542616,0.0095099453538402,0.0092684818451393,0.956084725053382,0.0,rank_tertiles_from_historical_feature_values,"{""train_low_medium"": 1.0, ""train_medium_high"": 1.0, ""assignment"": ""rank_qcut_three_equal_frequency_bins""}",none,3
phase17,reliability,high,1,3407,4289,1.371090948345445,2.618362273024573,0.0204314201898967,0.0200930340480295,0.9821657255783656,60.83145487783024,rank_tertiles_from_historical_feature_values,"{""train_low_medium"": 1.0, ""train_medium_high"": 1.0, ""assignment"": ""rank_qcut_three_equal_frequency_bins""}",none,1
phase17,reliability,low,3,42,3645,0.9566666533754032,1.7805151683772302,0.0124305814109943,0.0123905122496371,0.986011220621923,27.6254098645721,rank_tertiles_from_historical_feature_values,"{""train_low_medium"": 1.0, ""train_medium_high"": 1.0, ""assignment"": ""rank_qcut_three_equal_frequency_bins""}",none,2
phase17,reliability,medium,3,42,4066,0.7495894856600708,1.399654444202834,0.0081043476350078,0.0080384465437449,0.9797710001103588,0.0,rank_tertiles_from_historical_feature_values,"{""train_low_medium"": 1.0, ""train_medium_high"": 1.0, ""assignment"": ""rank_qcut_three_equal_frequency_bins""}",none,3
phase17,reliability,high,3,42,4167,1.345659791064371,2.256552077780248,0.0199146680514663,0.0198368418973206,0.986609590996805,79.51956595007665,rank_tertiles_from_historical_feature_values,"{""train_low_medium"": 1.0, ""train_medium_high"": 1.0, ""assignment"": ""rank_qcut_three_equal_frequency_bins""}",none,1
phase17,reliability,low,3,2024,3645,0.9629585669037408,1.7670517796781249,0.0126499001582398,0.012548003221282,0.986221973468682,37.63506029247485,rank_tertiles_from_historical_feature_values,"{""train_low_medium"": 1.0, ""train_medium_high"": 1.0, ""assignment"": ""rank_qcut_three_equal_frequency_bins""}",none,2
phase17,reliability,medium,3,2024,4066,0.6996462709846253,1.3782943108707006,0.0078239259051355,0.0077316180934889,0.9803837185441692,0.0,rank_tertiles_from_historical_feature_values,"{""train_low_medium"": 1.0, ""train_medium_high"": 1.0, ""assignment"": ""rank_qcut_three_equal_frequency_bins""}",none,3
phase17,reliability,high,3,2024,4167,1.2633437258979243,2.150711181988208,0.0190349193837089,0.0187170268636976,0.987836254999561,80.56892150943605,rank_tertiles_from_historical_feature_values,"{""train_low_medium"": 1.0, ""train_medium_high"": 1.0, ""assignment"": ""rank_qcut_three_equal_frequency_bins""}",none,1
phase17,reliability,low,3,2025,3645,0.9312276377108852,1.7468152517203444,0.0122797253981432,0.0121232028413671,0.9865357422925476,32.41520892189595,rank_tertiles_from_historical_feature_values,"{""train_low_medium"": 1.0, ""train_medium_high"": 1.0, ""assignment"": ""rank_qcut_three_equal_frequency_bins""}",none,2
phase17,reliability,medium,3,2025,4066,0.7032633526713403,1.3992406289716377,0.0077972770357431,0.0076995032473511,0.9797829599634862,0.0,rank_tertiles_from_historical_feature_values,"{""train_low_medium"": 1.0, ""train_medium_high"": 1.0, ""assignment"": ""rank_qcut_three_equal_frequency_bins""}",none,3
phase17,reliability,high,3,2025,4167,1.2792919947141534,2.1921981012884726,0.0192465381731318,0.0188909243972154,0.9873624549900132,81.90795665020406,rank_tertiles_from_historical_feature_values,"{""train_low_medium"": 1.0, ""train_medium_high"": 1.0, ""assignment"": ""rank_qcut_three_equal_frequency_bins""}",none,1
phase17,reliability,low,3,2026,3645,1.0344255638384197,1.823510789597432,0.013825597663802,0.0139003857734804,0.9853274654825064,24.156880722586887,rank_tertiles_from_historical_feature_values,"{""train_low_medium"": 1.0, ""train_medium_high"": 1.0, ""assignment"": ""rank_qcut_three_equal_frequency_bins""}",none,2
phase17,reliability,medium,3,2026,4066,0.83316007765185,1.435032781073191,0.0093633652605355,0.009323331019612,0.978735439991754,0.0,rank_tertiles_from_historical_feature_values,"{""train_low_medium"": 1.0, ""train_medium_high"": 1.0, ""assignment"": ""rank_qcut_three_equal_frequency_bins""}",none,3
phase17,reliability,high,3,2026,4167,1.338426194947373,2.1748865511928965,0.0199001603030151,0.019968155237187,0.9875612615397066,60.64454248930745,rank_tertiles_from_historical_feature_values,"{""train_low_medium"": 1.0, ""train_medium_high"": 1.0, ""assignment"": ""rank_qcut_three_equal_frequency_bins""}",none,1
phase17,reliability,low,3,3407,3645,0.9757800940787024,1.7726463155676877,0.0126430302779223,0.0125639333407685,0.9861345921183806,31.13953533247223,rank_tertiles_from_historical_feature_values,"{""train_low_medium"": 1.0, ""train_medium_high"": 1.0, ""assignment"": ""rank_qcut_three_equal_frequency_bins""}",none,2
phase17,reliability,medium,3,3407,4066,0.7440777425395404,1.374149345130815,0.0080667858624,0.0080190591841204,0.980501525827145,0.0,rank_tertiles_from_historical_feature_values,"{""train_low_medium"": 1.0, ""train_medium_high"": 1.0, ""assignment"": ""rank_qcut_three_equal_frequency_bins""}",none,3
phase17,reliability,high,3,3407,4167,1.2957903617344402,2.1583620662901417,0.0193090350958871,0.0191385373319687,0.9877495590850812,74.14717409929537,rank_tertiles_from_historical_feature_values,"{""train_low_medium"": 1.0, ""train_medium_high"": 1.0, ""assignment"": ""rank_qcut_three_equal_frequency_bins""}",none,1
phase17,reliability,low,6,42,3804,0.861324690368524,1.4452670220826291,0.01144960692865,0.0115763920738169,0.9908024856891604,33.74855776971193,rank_tertiles_from_historical_feature_values,"{""train_low_medium"": 1.0, ""train_medium_high"": 1.0, ""assignment"": ""rank_qcut_three_equal_frequency_bins""}",none,2
phase17,reliability,medium,6,42,4134,0.6439880210533198,1.0620518553935403,0.006955523373079,0.0069216618175436,0.98838617513739,0.0,rank_tertiles_from_historical_feature_values,"{""train_low_medium"": 1.0, ""train_medium_high"": 1.0, ""assignment"": ""rank_qcut_three_equal_frequency_bins""}",none,3
phase17,reliability,high,6,42,4228,1.2406699253684976,1.9200016340821524,0.0183506711883476,0.0184478399706128,0.9902938709886956,92.65419306080148,rank_tertiles_from_historical_feature_values,"{""train_low_medium"": 1.0, ""train_medium_high"": 1.0, ""assignment"": ""rank_qcut_three_equal_frequency_bins""}",none,1
phase17,reliability,low,6,2024,3804,0.8799246618549655,1.4302234516291463,0.0113131116975851,0.0113794981504894,0.9909929603212838,31.550671652196197,rank_tertiles_from_historical_feature_values,"{""train_low_medium"": 1.0, ""train_medium_high"": 1.0, ""assignment"": ""rank_qcut_three_equal_frequency_bins""}",none,2
phase17,reliability,medium,6,2024,4134,0.6688864836672048,1.0639194835844954,0.0071857242180251,0.0071563761730823,0.988345293182498,0.0,rank_tertiles_from_historical_feature_values,"{""train_low_medium"": 1.0, ""train_medium_high"": 1.0, ""assignment"": ""rank_qcut_three_equal_frequency_bins""}",none,3
phase17,reliability,high,6,2024,4228,1.2653024523689032,1.922055565079857,0.0183832749159151,0.0182483010717451,0.990273093524702,89.16549867053926,rank_tertiles_from_historical_feature_values,"{""train_low_medium"": 1.0, ""train_medium_high"": 1.0, ""assignment"": ""rank_qcut_three_equal_frequency_bins""}",none,1
phase17,reliability,low,6,2025,3804,0.9159169362546518,1.5304340354620083,0.0120870429705657,0.0120657449203599,0.9896865606996172,40.56457746455677,rank_tertiles_from_historical_feature_values,"{""train_low_medium"": 1.0, ""train_medium_high"": 1.0, ""assignment"": ""rank_qcut_three_equal_frequency_bins""}",none,2
phase17,reliability,medium,6,2025,4134,0.6515986835201062,1.0486804138622554,0.0072256632506861,0.0072039246834149,0.9886767748684264,0.0,rank_tertiles_from_historical_feature_values,"{""train_low_medium"": 1.0, ""train_medium_high"": 1.0, ""assignment"": ""rank_qcut_three_equal_frequency_bins""}",none,3
phase17,reliability,high,6,2025,4228,1.2967019112694342,1.9626724296401716,0.0186244570248461,0.0185608316718949,0.9898576520292058,99.0031508756758,rank_tertiles_from_historical_feature_values,"{""train_low_medium"": 1.0, ""train_medium_high"": 1.0, ""assignment"": ""rank_qcut_three_equal_frequency_bins""}",none,1
phase17,reliability,low,6,2026,3804,0.8342946240077134,1.392822960369387,0.0107295222552122,0.0107134500911204,0.9914578710954424,22.898968618944835,rank_tertiles_from_historical_feature_values,"{""train_low_medium"": 1.0, ""train_medium_high"": 1.0, ""assignment"": ""rank_qcut_three_equal_frequency_bins""}",none,2
phase17,reliability,medium,6,2026,4134,0.6788459117134585,1.10107691994681,0.0074132637090421,0.0073722074261694,0.9875169949197096,0.0,rank_tertiles_from_historical_feature_values,"{""train_low_medium"": 1.0, ""train_medium_high"": 1.0, ""assignment"": ""rank_qcut_three_equal_frequency_bins""}",none,3
phase17,reliability,high,6,2026,4228,1.234322192427564,1.8772400775222755,0.0180406683336825,0.017877256959369,0.9907213990360596,81.82656345562151,rank_tertiles_from_historical_feature_values,"{""train_low_medium"": 1.0, ""train_medium_high"": 1.0, ""assignment"": ""rank_qcut_three_equal_frequency_bins""}",none,1
phase17,reliability,low,6,3407,3804,0.8692819101953356,1.4342241572721852,0.0116624157685175,0.0115497052177695,0.9909424997958792,26.94229090328561,rank_tertiles_from_historical_feature_values,"{""train_low_medium"": 1.0, ""train_medium_high"": 1.0, ""assignment"": ""rank_qcut_three_equal_frequency_bins""}",none,2
phase17,reliability,medium,6,3407,4134,0.684785112990927,1.0620806583152236,0.0077065995450778,0.0076623838051804,0.9883855451933392,0.0,rank_tertiles_from_historical_feature_values,"{""train_low_medium"": 1.0, ""train_medium_high"": 1.0, ""assignment"": ""rank_qcut_three_equal_frequency_bins""}",none,3
phase17,reliability,high,6,3407,4228,1.277465930386546,1.9399489494218192,0.0190413857675737,0.0187359541475282,0.9900911451709492,86.54989808510506,rank_tertiles_from_historical_feature_values,"{""train_low_medium"": 1.0, ""train_medium_high"": 1.0, ""assignment"": ""rank_qcut_three_equal_frequency_bins""}",none,1
phase17,coverage,low,1,42,4508,1.0214096148033107,2.294221263962823,0.014154052339613,0.0138838498404605,0.9807686254935984,16.772065203469317,rank_tertiles_from_historical_feature_values,"{""train_low_medium"": 0.9878471493721008, ""train_medium_high"": 1.0, ""assignment"": ""rank_qcut_three_equal_frequency_bins""}",none,2
phase17,coverage,medium,1,42,3606,0.874703734170974,2.107295654860877,0.0111485414204655,0.0109123319488435,0.9733178349223656,0.0,rank_tertiles_from_historical_feature_values,"{""train_low_medium"": 0.9878471493721008, ""train_medium_high"": 1.0, ""assignment"": ""rank_qcut_three_equal_frequency_bins""}",none,3
phase17,coverage,high,1,42,4151,1.3244180364569709,2.7564626393814784,0.0182901758876892,0.0179116406596738,0.9757193332599696,51.413328275341904,rank_tertiles_from_historical_feature_values,"{""train_low_medium"": 0.9878471493721008, ""train_medium_high"": 1.0, ""assignment"": ""rank_qcut_three_equal_frequency_bins""}",none,1
phase17,coverage,low,1,2024,4508,1.2742136043051016,2.4710107215331107,0.0181578547432183,0.0175661863734627,0.9776905438467954,27.64172470415945,rank_tertiles_from_historical_feature_values,"{""train_low_medium"": 0.9878471493721008, ""train_medium_high"": 1.0, ""assignment"": ""rank_qcut_three_equal_frequency_bins""}",none,2
phase17,coverage,medium,1,2024,3606,0.998273571795116,2.1912701235437058,0.0133413429329806,0.0129167443576992,0.9711489277497471,0.0,rank_tertiles_from_historical_feature_values,"{""train_low_medium"": 0.9878471493721008, ""train_medium_high"": 1.0, ""assignment"": ""rank_qcut_three_equal_frequency_bins""}",none,3
phase17,coverage,high,1,2024,4151,1.5588030717482595,2.9010408909016485,0.0218429371129424,0.0210905536989715,0.9731054620277124,56.1498887469482,rank_tertiles_from_historical_feature_values,"{""train_low_medium"": 0.9878471493721008, ""train_medium_high"": 1.0, ""assignment"": ""rank_qcut_three_equal_frequency_bins""}",none,1
phase17,coverage,low,1,2025,4508,1.0284581455173172,2.271233609200117,0.0145515653109344,0.0142775533622653,0.981152084060092,19.6954284280347,rank_tertiles_from_historical_feature_values,"{""train_low_medium"": 0.9878471493721008, ""train_medium_high"": 1.0, ""assignment"": ""rank_qcut_three_equal_frequency_bins""}",none,2
phase17,coverage,medium,1,2025,3606,0.8592292613210906,2.118313119782935,0.0113051148390115,0.0110208548260005,0.973038103608245,0.0,rank_tertiles_from_historical_feature_values,"{""train_low_medium"": 0.9878471493721008, ""train_medium_high"": 1.0, ""assignment"": ""rank_qcut_three_equal_frequency_bins""}",none,3
phase17,coverage,high,1,2025,4151,1.3169312129047113,2.7937306860745297,0.0183140983479011,0.017862733831229,0.9750583337630864,53.26889716021663,rank_tertiles_from_historical_feature_values,"{""train_low_medium"": 0.9878471493721008, ""train_medium_high"": 1.0, ""assignment"": ""rank_qcut_three_equal_frequency_bins""}",none,1
phase17,coverage,low,1,2026,4508,1.1274258153250287,2.335081328989489,0.0153733182555993,0.0151361883034109,0.980077504084324,24.38824343147676,rank_tertiles_from_historical_feature_values,"{""train_low_medium"": 0.9878471493721008, ""train_medium_high"": 1.0, ""assignment"": ""rank_qcut_three_equal_frequency_bins""}",none,2
phase17,coverage,medium,1,2026,3606,0.9063765065113306,2.1008589213660107,0.0114212430139621,0.0111955412079064,0.973480587297679,0.0,rank_tertiles_from_historical_feature_values,"{""train_low_medium"": 0.9878471493721008, ""train_medium_high"": 1.0, ""assignment"": ""rank_qcut_three_equal_frequency_bins""}",none,3
phase17,coverage,high,1,2026,4151,1.393196576016692,2.777867527168102,0.0189910186819009,0.0186113636171042,0.9753407735351428,53.71057899317646,rank_tertiles_from_historical_feature_values,"{""train_low_medium"": 0.9878471493721008, ""train_medium_high"": 1.0, ""assignment"": ""rank_qcut_three_equal_frequency_bins""}",none,1
phase17,coverage,low,1,3407,4508,1.0774590886580595,2.319369796059132,0.0145845234052239,0.0143180516350942,0.9803446981191388,21.48448033869193,rank_tertiles_from_historical_feature_values,"{""train_low_medium"": 0.9878471493721008, ""train_medium_high"": 1.0, ""assignment"": ""rank_qcut_three_equal_frequency_bins""}",none,2
phase17,coverage,medium,1,3407,3606,0.8869108923659745,2.053941575316775,0.0111067721855288,0.0108721705805037,0.9746518484413312,0.0,rank_tertiles_from_historical_feature_values,"{""train_low_medium"": 0.9878471493721008, ""train_medium_high"": 1.0, ""assignment"": ""rank_qcut_three_equal_frequency_bins""}",none,3
phase17,coverage,high,1,3407,4151,1.3422523683250682,2.767846257340129,0.0185281962454759,0.0181141758171799,0.9755183709316112,51.34016053680416,rank_tertiles_from_historical_feature_values,"{""train_low_medium"": 0.9878471493721008, ""train_medium_high"": 1.0, ""assignment"": ""rank_qcut_three_equal_frequency_bins""}",none,1
phase17,coverage,low,3,42,4413,0.9457257402853552,1.719370064775913,0.0126358951737342,0.0125778191376719,0.9889444226515104,18.981309002075488,rank_tertiles_from_historical_feature_values,"{""train_low_medium"": 0.9895833134651184, ""train_medium_high"": 1.0, ""assignment"": ""rank_qcut_three_equal_frequency_bins""}",none,2
phase17,coverage,medium,3,42,3690,0.7948523580866454,1.4888549148886223,0.0096847743229927,0.0096352741821695,0.9858606211966764,0.0,rank_tertiles_from_historical_feature_values,"{""train_low_medium"": 0.9895833134651184, ""train_medium_high"": 1.0, ""assignment"": ""rank_qcut_three_equal_frequency_bins""}",none,3
phase17,coverage,high,3,42,3775,1.3339741076538894,2.273601317360737,0.0184760651242235,0.0183967638135568,0.9838576226433274,67.82665284720402,rank_tertiles_from_historical_feature_values,"{""train_low_medium"": 0.9895833134651184, ""train_medium_high"": 1.0, ""assignment"": ""rank_qcut_three_equal_frequency_bins""}",none,1
phase17,coverage,low,3,2024,4413,0.9227928764123698,1.673081570725267,0.0125498113398998,0.0124413762796931,0.9895316813004452,21.22906177152045,rank_tertiles_from_historical_feature_values,"{""train_low_medium"": 0.9895833134651184, ""train_medium_high"": 1.0, ""assignment"": ""rank_qcut_three_equal_frequency_bins""}",none,2
phase17,coverage,medium,3,2024,3690,0.761197738337323,1.476677139794647,0.0095572340995201,0.0094285509272671,0.9860909754011729,0.0,rank_tertiles_from_historical_feature_values,"{""train_low_medium"": 0.9895833134651184, ""train_medium_high"": 1.0, ""assignment"": ""rank_qcut_three_equal_frequency_bins""}",none,3
phase17,coverage,high,3,2024,3775,1.255097854816361,2.182475200681991,0.017639991154642,0.0173438239488278,0.9851256667912944,64.88460114948047,rank_tertiles_from_historical_feature_values,"{""train_low_medium"": 0.9895833134651184, ""train_medium_high"": 1.0, ""assignment"": ""rank_qcut_three_equal_frequency_bins""}",none,1
phase17,coverage,low,3,2025,4413,0.9195010580498968,1.6722163659450024,0.0124981274739363,0.0123259753195335,0.9895425055156446,22.287383101705284,rank_tertiles_from_historical_feature_values,"{""train_low_medium"": 0.9895833134651184, ""train_medium_high"": 1.0, ""assignment"": ""rank_qcut_three_equal_frequency_bins""}",none,2
phase17,coverage,medium,3,2025,3690,0.7519181739993211,1.484519751223119,0.0093821890982795,0.0092510003822129,0.9859428418089796,0.0,rank_tertiles_from_historical_feature_values,"{""train_low_medium"": 0.9895833134651184, ""train_medium_high"": 1.0, ""assignment"": ""rank_qcut_three_equal_frequency_bins""}",none,3
phase17,coverage,high,3,2025,3775,1.2588786866649098,2.221884007868866,0.0177189768889725,0.0173994744445675,0.984583647314374,67.42229808985124,rank_tertiles_from_historical_feature_values,"{""train_low_medium"": 0.9895833134651184, ""train_medium_high"": 1.0, ""assignment"": ""rank_qcut_three_equal_frequency_bins""}",none,1
phase17,coverage,low,3,2026,4413,1.000269333791657,1.7255999774227295,0.0137563923828322,0.013835626327292,0.9888641606266642,11.594955908421213,rank_tertiles_from_historical_feature_values,"{""train_low_medium"": 0.9895833134651184, ""train_medium_high"": 1.0, ""assignment"": ""rank_qcut_three_equal_frequency_bins""}",none,2
phase17,coverage,medium,3,2026,3690,0.8963391988904172,1.5403845680549175,0.0111482803002049,0.0111531343509973,0.98486494895429,0.0,rank_tertiles_from_historical_feature_values,"{""train_low_medium"": 0.9895833134651184, ""train_medium_high"": 1.0, ""assignment"": ""rank_qcut_three_equal_frequency_bins""}",none,3
phase17,coverage,high,3,2026,3775,1.3281196811499183,2.2022161178849795,0.0184226756883086,0.0184294538293819,0.9848553673035898,48.17154965374765,rank_tertiles_from_historical_feature_values,"{""train_low_medium"": 0.9895833134651184, ""train_medium_high"": 1.0, ""assignment"": ""rank_qcut_three_equal_frequency_bins""}",none,1
phase17,coverage,low,3,3407,4413,0.933668441737884,1.6914315128942636,0.0124514592338769,0.012384437040315,0.9893007942230192,15.253050598988152,rank_tertiles_from_historical_feature_values,"{""train_low_medium"": 0.9895833134651184, ""train_medium_high"": 1.0, ""assignment"": ""rank_qcut_three_equal_frequency_bins""}",none,2
phase17,coverage,medium,3,3407,3690,0.8101030184324518,1.4700962558509227,0.0098573551424661,0.0097932391572387,0.9862146716541168,0.0,rank_tertiles_from_historical_feature_values,"{""train_low_medium"": 0.9895833134651184, ""train_medium_high"": 1.0, ""assignment"": ""rank_qcut_three_equal_frequency_bins""}",none,3
phase17,coverage,high,3,3407,3775,1.2906325854370926,2.180184697150607,0.0180191300263068,0.0178441704855437,0.9851568715762852,59.31709376104595,rank_tertiles_from_historical_feature_values,"{""train_low_medium"": 0.9895833134651184, ""train_medium_high"": 1.0, ""assignment"": ""rank_qcut_three_equal_frequency_bins""}",none,1
phase17,coverage,low,6,42,4558,0.8295359965111405,1.389701340125782,0.0114027222050686,0.01153728296602,0.9928622951737226,18.04482157222858,rank_tertiles_from_historical_feature_values,"{""train_low_medium"": 0.9878471493721008, ""train_medium_high"": 1.0, ""assignment"": ""rank_qcut_three_equal_frequency_bins""}",none,2
phase17,coverage,medium,6,42,3504,0.7027296796781287,1.1498401912607918,0.0087265923218883,0.0087373791851428,0.9919190411886945,0.0,rank_tertiles_from_historical_feature_values,"{""train_low_medium"": 0.9878471493721008, ""train_medium_high"": 1.0, ""assignment"": ""rank_qcut_three_equal_frequency_bins""}",none,3
phase17,coverage,high,6,42,4104,1.2039201208490145,1.8964026090608104,0.0164092321780282,0.0164340887851891,0.9881624885466644,71.32051707285879,rank_tertiles_from_historical_feature_values,"{""train_low_medium"": 0.9878471493721008, ""train_medium_high"": 1.0, ""assignment"": ""rank_qcut_three_equal_frequency_bins""}",none,1
phase17,coverage,low,6,2024,4558,0.8410209988020344,1.3716166808174255,0.0111997548660868,0.0112364253967192,0.993046857217305,14.504106865508197,rank_tertiles_from_historical_feature_values,"{""train_low_medium"": 0.9878471493721008, ""train_medium_high"": 1.0, ""assignment"": ""rank_qcut_three_equal_frequency_bins""}",none,2
phase17,coverage,medium,6,2024,3504,0.7344898116098691,1.1660763197780406,0.0089055310703621,0.0088775575354316,0.9916892182874196,0.0,rank_tertiles_from_historical_feature_values,"{""train_low_medium"": 0.9878471493721008, ""train_medium_high"": 1.0, ""assignment"": ""rank_qcut_three_equal_frequency_bins""}",none,3
phase17,coverage,high,6,2024,4104,1.2317453443887871,1.895187107143687,0.016620829339485,0.0164969050762485,0.9881776582227936,67.70080740657568,rank_tertiles_from_historical_feature_values,"{""train_low_medium"": 0.9878471493721008, ""train_medium_high"": 1.0, ""assignment"": ""rank_qcut_three_equal_frequency_bins""}",none,1
phase17,coverage,low,6,2025,4558,0.9164103260684714,1.5186007147670573,0.0124608391827863,0.0124139381658341,0.9914767970180676,30.69334056606585,rank_tertiles_from_historical_feature_values,"{""train_low_medium"": 0.9878471493721008, ""train_medium_high"": 1.0, ""assignment"": ""rank_qcut_three_equal_frequency_bins""}",none,2
phase17,coverage,medium,6,2025,3504,0.7011912941388344,1.145105155003984,0.0086899339192544,0.0086851879243615,0.9919854588500796,0.0,rank_tertiles_from_historical_feature_values,"{""train_low_medium"": 0.9878471493721008, ""train_medium_high"": 1.0, ""assignment"": ""rank_qcut_three_equal_frequency_bins""}",none,3
phase17,coverage,high,6,2025,4104,1.224741740533483,1.8884995862445964,0.0164103738282676,0.0163593289425496,0.9882609456877992,74.66585092697781,rank_tertiles_from_historical_feature_values,"{""train_low_medium"": 0.9878471493721008, ""train_medium_high"": 1.0, ""assignment"": ""rank_qcut_three_equal_frequency_bins""}",none,1
phase17,coverage,low,6,2026,4558,0.8376534153568792,1.348899486606157,0.0111637747596458,0.0111100030088083,0.993275270646263,21.448593667805586,rank_tertiles_from_historical_feature_values,"{""train_low_medium"": 0.9878471493721008, ""train_medium_high"": 1.0, ""assignment"": ""rank_qcut_three_equal_frequency_bins""}",none,2
phase17,coverage,medium,6,2026,3504,0.6897184973982371,1.1519254315851326,0.0084911245849008,0.0084556960496156,0.9918897049022296,0.0,rank_tertiles_from_historical_feature_values,"{""train_low_medium"": 0.9878471493721008, ""train_medium_high"": 1.0, ""assignment"": ""rank_qcut_three_equal_frequency_bins""}",none,3
phase17,coverage,high,6,2026,4104,1.2095326745254489,1.869795818625127,0.0163499255962132,0.0162152922511249,0.9884923222345148,75.3661354723789,rank_tertiles_from_historical_feature_values,"{""train_low_medium"": 0.9878471493721008, ""train_medium_high"": 1.0, ""assignment"": ""rank_qcut_three_equal_frequency_bins""}",none,1
phase17,coverage,low,6,3407,4558,0.8530082522698168,1.3811891148532356,0.0118138384824361,0.0116919257792887,0.9929494673917952,15.899613020162375,rank_tertiles_from_historical_feature_values,"{""train_low_medium"": 0.9878471493721008, ""train_medium_high"": 1.0, ""assignment"": ""rank_qcut_three_equal_frequency_bins""}",none,2
phase17,coverage,medium,6,3407,3504,0.7359888700589742,1.1719311055667068,0.0093400686653161,0.00925899762325,0.99160555309395,0.0,rank_tertiles_from_historical_feature_values,"{""train_low_medium"": 0.9878471493721008, ""train_medium_high"": 1.0, ""assignment"": ""rank_qcut_three_equal_frequency_bins""}",none,3
phase17,coverage,high,6,3407,4104,1.2358331829018994,1.9049034742100657,0.0170942530998739,0.0168352003072354,0.9880561243923334,67.91465648154069,rank_tertiles_from_historical_feature_values,"{""train_low_medium"": 0.9878471493721008, ""train_medium_high"": 1.0, ""assignment"": ""rank_qcut_three_equal_frequency_bins""}",none,1
phase17,volatility,low,1,42,4091,0.6538404335575855,1.833687748145364,0.0072987864314304,0.0070983419881732,0.9042433060048606,0.0,rank_tertiles_from_historical_feature_values,"{""train_low_medium"": 0.0038134020287543535, ""train_medium_high"": 0.026255393400788307, ""assignment"": ""rank_qcut_three_equal_frequency_bins""}",none,3
phase17,volatility,medium,1,42,4064,0.993687625006428,2.5830998172905324,0.0115997285260086,0.0112138624151204,0.9588155588636408,51.97708401111159,rank_tertiles_from_historical_feature_values,"{""train_low_medium"": 0.0038134020287543535, ""train_medium_high"": 0.026255393400788307, ""assignment"": ""rank_qcut_three_equal_frequency_bins""}",none,2
phase17,volatility,high,1,42,4110,1.5920067534249485,2.720033155923979,0.0250437947441098,0.0247389368705512,0.9817912456030916,143.48551599397777,rank_tertiles_from_historical_feature_values,"{""train_low_medium"": 0.0038134020287543535, ""train_medium_high"": 0.026255393400788307, ""assignment"": ""rank_qcut_three_equal_frequency_bins""}",none,1
phase17,volatility,low,1,2024,4091,0.7038520443733791,1.852378496991914,0.0078969072089336,0.0076800424020063,0.9022812643882516,0.0,rank_tertiles_from_historical_feature_values,"{""train_low_medium"": 0.0038134020287543535, ""train_medium_high"": 0.026255393400788307, ""assignment"": ""rank_qcut_three_equal_frequency_bins""}",none,3
phase17,volatility,medium,1,2024,4064,1.214665660707969,2.647532044628381,0.0148801385082468,0.0144389455358213,0.9567353444596634,72.57400478098407,rank_tertiles_from_historical_feature_values,"{""train_low_medium"": 0.0038134020287543535, ""train_medium_high"": 0.026255393400788307, ""assignment"": ""rank_qcut_three_equal_frequency_bins""}",none,2
phase17,volatility,high,1,2024,4110,1.9461462336445088,3.010580198197637,0.0311083682397366,0.0299791018505301,0.977693458337237,176.49933664355714,rank_tertiles_from_historical_feature_values,"{""train_low_medium"": 0.0038134020287543535, ""train_medium_high"": 0.026255393400788307, ""assignment"": ""rank_qcut_three_equal_frequency_bins""}",none,1
phase17,volatility,low,1,2025,4091,0.6027081847861063,1.8195235880390843,0.0068308989140816,0.006620269898974,0.9057169208942276,0.0,rank_tertiles_from_historical_feature_values,"{""train_low_medium"": 0.0038134020287543535, ""train_medium_high"": 0.026255393400788307, ""assignment"": ""rank_qcut_three_equal_frequency_bins""}",none,3
phase17,volatility,medium,1,2025,4064,0.989608130117101,2.574192621287421,0.011843948723114,0.01142777194151,0.959099098362259,64.19357743885637,rank_tertiles_from_historical_feature_values,"{""train_low_medium"": 0.0038134020287543535, ""train_medium_high"": 0.026255393400788307, ""assignment"": ""rank_qcut_three_equal_frequency_bins""}",none,2
phase17,volatility,high,1,2025,4110,1.633529166989663,2.7622728747946943,0.0258655736508667,0.0254809323275139,0.9812213226656296,171.03152209047605,rank_tertiles_from_historical_feature_values,"{""train_low_medium"": 0.0038134020287543535, ""train_medium_high"": 0.026255393400788307, ""assignment"": ""rank_qcut_three_equal_frequency_bins""}",none,1
phase17,volatility,low,1,2026,4091,0.6686674802002013,1.8561816658341872,0.007452004928941,0.0072401089352684,0.9018795944658518,0.0,rank_tertiles_from_historical_feature_values,"{""train_low_medium"": 0.0038134020287543535, ""train_medium_high"": 0.026255393400788307, ""assignment"": ""rank_qcut_three_equal_frequency_bins""}",none,3
phase17,volatility,medium,1,2026,4064,1.0796030037046418,2.5822577488407106,0.0125188283982293,0.0121578135545348,0.9588424060381568,61.45588587340976,rank_tertiles_from_historical_feature_values,"{""train_low_medium"": 0.0038134020287543535, ""train_medium_high"": 0.026255393400788307, ""assignment"": ""rank_qcut_three_equal_frequency_bins""}",none,2
phase17,volatility,high,1,2026,4110,1.7058304078967612,2.7610893303818003,0.0262669023791869,0.0259932333095557,0.9812374113275514,155.1089231057012,rank_tertiles_from_historical_feature_values,"{""train_low_medium"": 0.0038134020287543535, ""train_medium_high"": 0.026255393400788307, ""assignment"": ""rank_qcut_three_equal_frequency_bins""}",none,1
phase17,volatility,low,1,3407,4091,0.7024873692958462,1.8789922286946272,0.0077957794116754,0.0075721675904026,0.8994531787816897,0.0,rank_tertiles_from_historical_feature_values,"{""train_low_medium"": 0.0038134020287543535, ""train_medium_high"": 0.026255393400788307, ""assignment"": ""rank_qcut_three_equal_frequency_bins""}",none,3
phase17,volatility,medium,1,3407,4064,0.9797994142442238,2.5464797175869323,0.0112329535937577,0.0108505179055619,0.959975009037649,39.47573395182143,rank_tertiles_from_historical_feature_values,"{""train_low_medium"": 0.0038134020287543535, ""train_medium_high"": 0.026255393400788307, ""assignment"": ""rank_qcut_three_equal_frequency_bins""}",none,2
phase17,volatility,high,1,3407,4110,1.6475170761999425,2.72266072566232,0.0255876733938057,0.0252721472800181,0.9817560490606504,134.5262204288979,rank_tertiles_from_historical_feature_values,"{""train_low_medium"": 0.0038134020287543535, ""train_medium_high"": 0.026255393400788307, ""assignment"": ""rank_qcut_three_equal_frequency_bins""}",none,1
phase17,volatility,low,3,42,3978,0.6077050707219174,1.1713217212834588,0.0065303153776891,0.0064643787529034,0.9573397718084632,0.0,rank_tertiles_from_historical_feature_values,"{""train_low_medium"": 0.0038814127910882235, ""train_medium_high"": 0.026216134428977966, ""assignment"": ""rank_qcut_three_equal_frequency_bins""}",none,3
phase17,volatility,medium,3,42,3910,0.891177934027084,1.7762825271627305,0.009928325225922,0.009790278164714,0.9799164374451534,46.64645351213176,rank_tertiles_from_historical_feature_values,"{""train_low_medium"": 0.0038814127910882235, ""train_medium_high"": 0.026216134428977966, ""assignment"": ""rank_qcut_three_equal_frequency_bins""}",none,2
phase17,volatility,high,3,42,3990,1.563982119357078,2.398039155832758,0.024172637165833,0.0241886152079818,0.9857492440553344,157.3587410582506,rank_tertiles_from_historical_feature_values,"{""train_low_medium"": 0.0038814127910882235, ""train_medium_high"": 0.026216134428977966, ""assignment"": ""rank_qcut_three_equal_frequency_bins""}",none,1
phase17,volatility,low,3,2024,3978,0.5494901686831897,1.152457293736172,0.0059667976151993,0.0059032045850608,0.9587028138030046,0.0,rank_tertiles_from_historical_feature_values,"{""train_low_medium"": 0.0038814127910882235, ""train_medium_high"": 0.026216134428977966, ""assignment"": ""rank_qcut_three_equal_frequency_bins""}",none,3
phase17,volatility,medium,3,2024,3910,0.8739311257286755,1.7586512913279368,0.0101550735454495,0.0099885380115086,0.9803131543506156,59.04399669660756,rank_tertiles_from_historical_feature_values,"{""train_low_medium"": 0.0038814127910882235, ""train_medium_high"": 0.026216134428977966, ""assignment"": ""rank_qcut_three_equal_frequency_bins""}",none,2
phase17,volatility,high,3,2024,3990,1.507808628416898,2.2943649731106373,0.0235080750383483,0.0232155264126205,0.9869548111649908,174.40138411033698,rank_tertiles_from_historical_feature_values,"{""train_low_medium"": 0.0038814127910882235, ""train_medium_high"": 0.026216134428977966, ""assignment"": ""rank_qcut_three_equal_frequency_bins""}",none,1
phase17,volatility,low,3,2025,3978,0.5874296920032223,1.2042789474401103,0.0063563456697508,0.0062829667249761,0.9549053553743184,0.0,rank_tertiles_from_historical_feature_values,"{""train_low_medium"": 0.0038814127910882235, ""train_medium_high"": 0.026216134428977966, ""assignment"": ""rank_qcut_three_equal_frequency_bins""}",none,3
phase17,volatility,medium,3,2025,3910,0.8756289918709289,1.8239214974896143,0.0100306592828179,0.0098401091641528,0.9788247303198072,49.06107127218993,rank_tertiles_from_historical_feature_values,"{""train_low_medium"": 0.0038814127910882235, ""train_medium_high"": 0.026216134428977966, ""assignment"": ""rank_qcut_three_equal_frequency_bins""}",none,2
phase17,volatility,high,3,2025,3990,1.4596738346836022,2.257364624488435,0.0230973010528614,0.0227431749523601,0.9873721680983312,148.48485777181236,rank_tertiles_from_historical_feature_values,"{""train_low_medium"": 0.0038814127910882235, ""train_medium_high"": 0.026216134428977966, ""assignment"": ""rank_qcut_three_equal_frequency_bins""}",none,1
phase17,volatility,low,3,2026,3978,0.6492951778145277,1.1898778226814262,0.0070736257742484,0.0070315509062258,0.9559774170662646,0.0,rank_tertiles_from_historical_feature_values,"{""train_low_medium"": 0.0038814127910882235, ""train_medium_high"": 0.026216134428977966, ""assignment"": ""rank_qcut_three_equal_frequency_bins""}",none,3
phase17,volatility,medium,3,2026,3910,0.9774748429008152,1.7714445172274027,0.0114986827103687,0.0114245977830707,0.9800256905078186,50.54398620222505,rank_tertiles_from_historical_feature_values,"{""train_low_medium"": 0.0038814127910882235, ""train_medium_high"": 0.026216134428977966, ""assignment"": ""rank_qcut_three_equal_frequency_bins""}",none,2
phase17,volatility,high,3,2026,3990,1.5865937737295204,2.364219622434562,0.0246343313005158,0.0248474150643267,0.9861483663287977,144.35631557743272,rank_tertiles_from_historical_feature_values,"{""train_low_medium"": 0.0038814127910882235, ""train_medium_high"": 0.026216134428977966, ""assignment"": ""rank_qcut_three_equal_frequency_bins""}",none,1
phase17,volatility,low,3,3407,3978,0.5986536312726588,1.1932794945915408,0.0064668023403209,0.0064121427524409,0.9557253501107978,0.0,rank_tertiles_from_historical_feature_values,"{""train_low_medium"": 0.0038814127910882235, ""train_medium_high"": 0.026216134428977966, ""assignment"": ""rank_qcut_three_equal_frequency_bins""}",none,3
phase17,volatility,medium,3,3407,3910,0.8973776288044727,1.7163763538021364,0.0100365897446574,0.0099131273819943,0.9812482540215138,49.89930436014662,rank_tertiles_from_historical_feature_values,"{""train_low_medium"": 0.0038814127910882235, ""train_medium_high"": 0.026216134428977966, ""assignment"": ""rank_qcut_three_equal_frequency_bins""}",none,2
phase17,volatility,high,3,3407,3990,1.526693310175922,2.3137624931304974,0.0236531679981703,0.0235296954384062,0.98673329977885,155.02113917364417,rank_tertiles_from_historical_feature_values,"{""train_low_medium"": 0.0038814127910882235, ""train_medium_high"": 0.026216134428977966, ""assignment"": ""rank_qcut_three_equal_frequency_bins""}",none,1
phase17,volatility,low,6,42,4065,0.5388995528367759,0.8768523931686542,0.0057621299375618,0.0057408309408681,0.9769432125546836,0.0,rank_tertiles_from_historical_feature_values,"{""train_low_medium"": 0.003741788522650784, ""train_medium_high"": 0.02625706481436886, ""assignment"": ""rank_qcut_three_equal_frequency_bins""}",none,3
phase17,volatility,medium,6,42,4000,0.806910719871521,1.383997871946656,0.008997216332271,0.008926976714339,0.9879687011583173,49.73304684034899,rank_tertiles_from_historical_feature_values,"{""train_low_medium"": 0.003741788522650784, ""train_medium_high"": 0.02625706481436886, ""assignment"": ""rank_qcut_three_equal_frequency_bins""}",none,2
phase17,volatility,high,6,42,4101,1.4060006056783023,2.060272824486826,0.0220636802340781,0.0223369490773692,0.9893352674929168,160.90216595599173,rank_tertiles_from_historical_feature_values,"{""train_low_medium"": 0.003741788522650784, ""train_medium_high"": 0.02625706481436886, ""assignment"": ""rank_qcut_three_equal_frequency_bins""}",none,1
phase17,volatility,low,6,2024,4065,0.5603751516870027,0.9049992901990396,0.0059656061662839,0.0059474832014543,0.975439212373034,0.0,rank_tertiles_from_historical_feature_values,"{""train_low_medium"": 0.003741788522650784, ""train_medium_high"": 0.02625706481436886, ""assignment"": ""rank_qcut_three_equal_frequency_bins""}",none,3
phase17,volatility,medium,6,2024,4000,0.8326470375061035,1.3703211458056312,0.0091487704739952,0.0090815090608431,0.9882053138636704,48.58743022409711,rank_tertiles_from_historical_feature_values,"{""train_low_medium"": 0.003741788522650784, ""train_medium_high"": 0.02625706481436886, ""assignment"": ""rank_qcut_three_equal_frequency_bins""}",none,2
phase17,volatility,high,6,2024,4101,1.4273581478078898,2.050308857602173,0.0218532251152143,0.0218296346105922,0.9894381723933432,154.71474663193848,rank_tertiles_from_historical_feature_values,"{""train_low_medium"": 0.003741788522650784, ""train_medium_high"": 0.02625706481436886, ""assignment"": ""rank_qcut_three_equal_frequency_bins""}",none,1
phase17,volatility,low,6,2025,4065,0.5722187469219663,0.9132111101060172,0.0061059861844857,0.0060828800662785,0.9749914687938316,0.0,rank_tertiles_from_historical_feature_values,"{""train_low_medium"": 0.003741788522650784, ""train_medium_high"": 0.02625706481436886, ""assignment"": ""rank_qcut_three_equal_frequency_bins""}",none,3
phase17,volatility,medium,6,2025,4000,0.8466329574584961,1.431970117343018,0.0098443507160423,0.0097638909904743,0.9871201863427304,47.95617270713988,rank_tertiles_from_historical_feature_values,"{""train_low_medium"": 0.003741788522650784, ""train_medium_high"": 0.02625706481436886, ""assignment"": ""rank_qcut_three_equal_frequency_bins""}",none,2
phase17,volatility,high,6,2025,4101,1.450307639102708,2.1037785644186404,0.0220424215887135,0.0220365382091536,0.9888801084886736,153.45335973420788,rank_tertiles_from_historical_feature_values,"{""train_low_medium"": 0.003741788522650784, ""train_medium_high"": 0.02625706481436886, ""assignment"": ""rank_qcut_three_equal_frequency_bins""}",none,1
phase17,volatility,low,6,2026,4065,0.5664343736561755,0.9422789271187118,0.0060579601166136,0.0060322237843354,0.9733740709602364,0.0,rank_tertiles_from_historical_feature_values,"{""train_low_medium"": 0.003741788522650784, ""train_medium_high"": 0.02625706481436886, ""assignment"": ""rank_qcut_three_equal_frequency_bins""}",none,3
phase17,volatility,medium,6,2026,4000,0.841420711517334,1.400132815685143,0.0094812639407487,0.009383139451137,0.987686539017196,48.546901574175045,rank_tertiles_from_historical_feature_values,"{""train_low_medium"": 0.003741788522650784, ""train_medium_high"": 0.02625706481436886, ""assignment"": ""rank_qcut_three_equal_frequency_bins""}",none,2
phase17,volatility,high,6,2026,4101,1.3485689839919115,1.9653405260730996,0.0207722060253079,0.0206686575427327,0.9902954340033454,138.08035788634717,rank_tertiles_from_historical_feature_values,"{""train_low_medium"": 0.003741788522650784, ""train_medium_high"": 0.02625706481436886, ""assignment"": ""rank_qcut_three_equal_frequency_bins""}",none,1
phase17,volatility,low,6,3407,4065,0.5779374454587441,0.894463637211965,0.006226308428241,0.0062045608028342,0.9760077381681428,0.0,rank_tertiles_from_historical_feature_values,"{""train_low_medium"": 0.003741788522650784, ""train_medium_high"": 0.02625706481436886, ""assignment"": ""rank_qcut_three_equal_frequency_bins""}",none,3
phase17,volatility,medium,6,3407,4000,0.8712628955841064,1.4544711691977774,0.0103073810054592,0.0101647643072803,0.9867122360792654,50.75384065009527,rank_tertiles_from_historical_feature_values,"{""train_low_medium"": 0.003741788522650784, ""train_medium_high"": 0.02625706481436886, ""assignment"": ""rank_qcut_three_equal_frequency_bins""}",none,2
phase17,volatility,high,6,3407,4101,1.3909799314888185,2.0170869747076368,0.0219923002549274,0.0216889516074416,0.9897776734896496,140.68001518481174,rank_tertiles_from_historical_feature_values,"{""train_low_medium"": 0.003741788522650784, ""train_medium_high"": 0.02625706481436886, ""assignment"": ""rank_qcut_three_equal_frequency_bins""}",none,1
phase17,traffic_state,free-flow,1,42,4028,1.010459397968493,2.7704639828742423,0.0110381266609319,0.010595888672965,0.0486010380112963,32.45281558754248,rank_speed_tertiles_fallback_no_free_flow_speed,"{""train_low_medium"": 90.0, ""train_medium_high"": 98.0, ""assignment"": ""rank_qcut_three_equal_frequency_bins""}",none,2
phase17,traffic_state,moderate,1,42,4471,0.7628825355551968,1.9677543430589624,0.0083668384042899,0.0081696807269297,0.6973377528634227,0.0,rank_speed_tertiles_fallback_no_free_flow_speed,"{""train_low_medium"": 90.0, ""train_medium_high"": 98.0, ""assignment"": ""rank_qcut_three_equal_frequency_bins""}",none,3
phase17,traffic_state,degraded,1,42,3766,1.533557410197124,2.4740649892035966,0.0260384810735947,0.0257787048225771,0.9814287533605978,101.02143367078908,rank_speed_tertiles_fallback_no_free_flow_speed,"{""train_low_medium"": 90.0, ""train_medium_high"": 98.0, ""assignment"": ""rank_qcut_three_equal_frequency_bins""}",none,1
phase17,traffic_state,free-flow,1,2024,4028,1.180061152817121,2.7952563754258626,0.0127225390648824,0.0123040792630438,0.0314970462790556,29.916513255603885,rank_speed_tertiles_fallback_no_free_flow_speed,"{""train_low_medium"": 90.0, ""train_medium_high"": 98.0, ""assignment"": ""rank_qcut_three_equal_frequency_bins""}",none,2
phase17,traffic_state,moderate,1,2024,4471,0.9083226783460644,2.052930434713986,0.0098588928780802,0.0096642933469062,0.6705686246957139,0.0,rank_speed_tertiles_fallback_no_free_flow_speed,"{""train_low_medium"": 90.0, ""train_medium_high"": 98.0, ""assignment"": ""rank_qcut_three_equal_frequency_bins""}",none,3
phase17,traffic_state,degraded,1,2024,3766,1.858768975171268,2.796867051684844,0.0332737722632334,0.0320082713500547,0.9762664613368645,104.63751698414497,rank_speed_tertiles_fallback_no_free_flow_speed,"{""train_low_medium"": 90.0, ""train_medium_high"": 98.0, ""assignment"": ""rank_qcut_three_equal_frequency_bins""}",none,1
phase17,traffic_state,free-flow,1,2025,4028,0.9915583931582924,2.758893211696198,0.0108602089962355,0.0103997927353734,0.0565314291414729,31.792188515374782,rank_speed_tertiles_fallback_no_free_flow_speed,"{""train_low_medium"": 90.0, ""train_medium_high"": 98.0, ""assignment"": ""rank_qcut_three_equal_frequency_bins""}",none,2
phase17,traffic_state,moderate,1,2025,4471,0.7523650713506573,1.9514746675509216,0.0082490133836361,0.0080587205074104,0.7023250228366027,0.0,rank_speed_tertiles_fallback_no_free_flow_speed,"{""train_low_medium"": 90.0, ""train_medium_high"": 98.0, ""assignment"": ""rank_qcut_three_equal_frequency_bins""}",none,3
phase17,traffic_state,degraded,1,2025,3766,1.55162773750212,2.532215809090858,0.0270207812262961,0.0266414542396084,0.9805454906452924,106.2333561972267,rank_speed_tertiles_fallback_no_free_flow_speed,"{""train_low_medium"": 90.0, ""train_medium_high"": 98.0, ""assignment"": ""rank_qcut_three_equal_frequency_bins""}",none,1
phase17,traffic_state,free-flow,1,2026,4028,1.1053184710050885,2.781317432843016,0.0119803696106142,0.0115527849506298,0.0411321177383097,30.07882080596054,rank_speed_tertiles_fallback_no_free_flow_speed,"{""train_low_medium"": 90.0, ""train_medium_high"": 98.0, ""assignment"": ""rank_qcut_three_equal_frequency_bins""}",none,2
phase17,traffic_state,moderate,1,2026,4471,0.849729774729354,2.003790566167181,0.0092513659288446,0.0090661938577225,0.6861507116546339,0.0,rank_speed_tertiles_fallback_no_free_flow_speed,"{""train_low_medium"": 90.0, ""train_medium_high"": 98.0, ""assignment"": ""rank_qcut_three_equal_frequency_bins""}",none,3
phase17,traffic_state,degraded,1,2026,3766,1.562034949810658,2.4935308074463243,0.0264736733121989,0.026232410600922,0.9811353684553372,83.82725853147599,rank_speed_tertiles_fallback_no_free_flow_speed,"{""train_low_medium"": 90.0, ""train_medium_high"": 98.0, ""assignment"": ""rank_qcut_three_equal_frequency_bins""}",none,1
phase17,traffic_state,free-flow,1,3407,4028,0.9886171782265354,2.757000498445742,0.0108158282664644,0.0103586733246299,0.057825500924367,16.329133246477934,rank_speed_tertiles_fallback_no_free_flow_speed,"{""train_low_medium"": 90.0, ""train_medium_high"": 98.0, ""assignment"": ""rank_qcut_three_equal_frequency_bins""}",none,2
phase17,traffic_state,moderate,1,3407,4471,0.8498448760310586,1.9677410609239585,0.0092493843213415,0.0090499440091574,0.6973418387263497,0.0,rank_speed_tertiles_fallback_no_free_flow_speed,"{""train_low_medium"": 90.0, ""train_medium_high"": 98.0, ""assignment"": ""rank_qcut_three_equal_frequency_bins""}",none,3
phase17,traffic_state,degraded,1,3407,3766,1.552116143342604,2.4892308053129946,0.0259661288020979,0.0256919096879617,0.9812003750822288,82.63522992469981,rank_speed_tertiles_fallback_no_free_flow_speed,"{""train_low_medium"": 90.0, ""train_medium_high"": 98.0, ""assignment"": ""rank_qcut_three_equal_frequency_bins""}",none,1
phase17,traffic_state,free-flow,3,42,3940,0.8861780815318151,1.8102528605767096,0.0092078483270455,0.0090661286780124,0.0289626142254939,27.79521240235527,rank_speed_tertiles_fallback_no_free_flow_speed,"{""train_low_medium"": 90.0, ""train_medium_high"": 98.0, ""assignment"": ""rank_qcut_three_equal_frequency_bins""}",none,2
phase17,traffic_state,moderate,3,42,4250,0.6934360566980698,1.2271418165300716,0.0073146428285179,0.0072848568506739,0.8531622332633123,0.0,rank_speed_tertiles_fallback_no_free_flow_speed,"{""train_low_medium"": 90.0, ""train_medium_high"": 98.0, ""assignment"": ""rank_qcut_three_equal_frequency_bins""}",none,3
phase17,traffic_state,degraded,3,42,3688,1.546529356673069,2.4104340821727828,0.0254555352678187,0.0254410716855194,0.9821691422125166,123.02407579397703,rank_speed_tertiles_fallback_no_free_flow_speed,"{""train_low_medium"": 90.0, ""train_medium_high"": 98.0, ""assignment"": ""rank_qcut_three_equal_frequency_bins""}",none,1
phase17,traffic_state,free-flow,3,2024,3940,0.8411050109088724,1.7783261358288571,0.0087618213000713,0.0086137836586703,0.0629121894721341,31.927301312140823,rank_speed_tertiles_fallback_no_free_flow_speed,"{""train_low_medium"": 90.0, ""train_medium_high"": 98.0, ""assignment"": ""rank_qcut_three_equal_frequency_bins""}",none,2
phase17,traffic_state,moderate,3,2024,4250,0.6375518960391774,1.229182320369628,0.0067541691064075,0.0066992588304595,0.8526735006150067,0.0,rank_speed_tertiles_fallback_no_free_flow_speed,"{""train_low_medium"": 90.0, ""train_medium_high"": 98.0, ""assignment"": ""rank_qcut_three_equal_frequency_bins""}",none,3
phase17,traffic_state,degraded,3,2024,3688,1.5172314855902418,2.2993778047684867,0.0254915084746386,0.0251512809669503,0.9837743394025188,137.97772307103426,rank_speed_tertiles_fallback_no_free_flow_speed,"{""train_low_medium"": 90.0, ""train_medium_high"": 98.0, ""assignment"": ""rank_qcut_three_equal_frequency_bins""}",none,1
phase17,traffic_state,free-flow,3,2025,3940,0.8456265038040084,1.8385706768709893,0.0088208845672304,0.0086568279707448,-0.0016549111789325,31.17381843821765,rank_speed_tertiles_fallback_no_free_flow_speed,"{""train_low_medium"": 90.0, ""train_medium_high"": 98.0, ""assignment"": ""rank_qcut_three_equal_frequency_bins""}",none,2
phase17,traffic_state,moderate,3,2025,4250,0.6446610412597656,1.2175848462020864,0.0068451656627553,0.0067830886431054,0.8554404697675891,0.0,rank_speed_tertiles_fallback_no_free_flow_speed,"{""train_low_medium"": 90.0, ""train_medium_high"": 98.0, ""assignment"": ""rank_qcut_three_equal_frequency_bins""}",none,3
phase17,traffic_state,degraded,3,2025,3688,1.494855049633928,2.298801727354052,0.0251674112823768,0.0247499207119785,0.9837824686152776,131.88233101735975,rank_speed_tertiles_fallback_no_free_flow_speed,"{""train_low_medium"": 90.0, ""train_medium_high"": 98.0, ""assignment"": ""rank_qcut_three_equal_frequency_bins""}",none,1
phase17,traffic_state,free-flow,3,2026,3940,0.9441530798897524,1.7809936641809785,0.0097732902588026,0.0096565558619752,0.0600987762726638,31.410539145925718,rank_speed_tertiles_fallback_no_free_flow_speed,"{""train_low_medium"": 90.0, ""train_medium_high"": 98.0, ""assignment"": ""rank_qcut_three_equal_frequency_bins""}",none,2
phase17,traffic_state,moderate,3,2026,4250,0.7184759198357077,1.2272752899646886,0.0076305618574924,0.0075901438725126,0.853130289103868,0.0,rank_speed_tertiles_fallback_no_free_flow_speed,"{""train_low_medium"": 90.0, ""train_medium_high"": 98.0, ""assignment"": ""rank_qcut_three_equal_frequency_bins""}",none,3
phase17,traffic_state,degraded,3,2026,3688,1.6165526616599193,2.4035159106234856,0.0272378153748738,0.0275157080772982,0.9822713477953045,124.9974727099515,rank_speed_tertiles_fallback_no_free_flow_speed,"{""train_low_medium"": 90.0, ""train_medium_high"": 98.0, ""assignment"": ""rank_qcut_three_equal_frequency_bins""}",none,1
phase17,traffic_state,free-flow,3,3407,3940,0.904207419380924,1.768935493209676,0.0093622582642293,0.0092531296540058,0.0727828450950693,30.265183910503,rank_speed_tertiles_fallback_no_free_flow_speed,"{""train_low_medium"": 90.0, ""train_medium_high"": 98.0, ""assignment"": ""rank_qcut_three_equal_frequency_bins""}",none,2
phase17,traffic_state,moderate,3,3407,4250,0.6941282330681295,1.2727418417911345,0.0073464304104282,0.0073131813999954,0.8420466273679712,0.0,rank_speed_tertiles_fallback_no_free_flow_speed,"{""train_low_medium"": 90.0, ""train_medium_high"": 98.0, ""assignment"": ""rank_qcut_three_equal_frequency_bins""}",none,3
phase17,traffic_state,degraded,3,3407,3688,1.4829378412499086,2.289405936792467,0.0247382101731896,0.0245696759613029,0.9839147680872912,113.6403290635718,rank_speed_tertiles_fallback_no_free_flow_speed,"{""train_low_medium"": 90.0, ""train_medium_high"": 98.0, ""assignment"": ""rank_qcut_three_equal_frequency_bins""}",none,1
phase17,traffic_state,free-flow,6,42,3971,0.8103027459026674,1.410079060054321,0.0083058959358679,0.0082334117956456,-0.0057024956289977,49.22925824926683,rank_speed_tertiles_fallback_no_free_flow_speed,"{""train_low_medium"": 90.0, ""train_medium_high"": 98.0, ""assignment"": ""rank_qcut_three_equal_frequency_bins""}",none,2
phase17,traffic_state,moderate,6,42,4465,0.5429918739857091,0.8442814872263532,0.0057324802555897,0.0057118720740802,0.928121468099593,0.0,rank_speed_tertiles_fallback_no_free_flow_speed,"{""train_low_medium"": 90.0, ""train_medium_high"": 98.0, ""assignment"": ""rank_qcut_three_equal_frequency_bins""}",none,3
phase17,traffic_state,degraded,6,42,3730,1.4858196043776444,2.1421681317778614,0.0244817262902647,0.0247854760715815,0.985612209831129,173.6356979840824,rank_speed_tertiles_fallback_no_free_flow_speed,"{""train_low_medium"": 90.0, ""train_medium_high"": 98.0, ""assignment"": ""rank_qcut_three_equal_frequency_bins""}",none,1
phase17,traffic_state,free-flow,6,2024,3971,0.8510831411645563,1.403481676960835,0.0087051012591843,0.0086429261683284,0.0036863154277269,48.32644998703453,rank_speed_tertiles_fallback_no_free_flow_speed,"{""train_low_medium"": 90.0, ""train_medium_high"": 98.0, ""assignment"": ""rank_qcut_three_equal_frequency_bins""}",none,2
phase17,traffic_state,moderate,6,2024,4465,0.5737905419019675,0.8657841303341104,0.0060468651679694,0.0060336931355426,0.924413557221082,0.0,rank_speed_tertiles_fallback_no_free_flow_speed,"{""train_low_medium"": 90.0, ""train_medium_high"": 98.0, ""assignment"": ""rank_qcut_three_equal_frequency_bins""}",none,3
phase17,traffic_state,degraded,6,2024,3730,1.4800222473553617,2.1292859679006613,0.0238332807196286,0.0237974228768613,0.9857847346382588,157.93772104529114,rank_speed_tertiles_fallback_no_free_flow_speed,"{""train_low_medium"": 90.0, ""train_medium_high"": 98.0, ""assignment"": ""rank_qcut_three_equal_frequency_bins""}",none,1
phase17,traffic_state,free-flow,6,2025,3971,0.8383631402435725,1.392272011231683,0.0085800366070706,0.0085118671549095,0.0195379543051397,48.10235601793871,rank_speed_tertiles_fallback_no_free_flow_speed,"{""train_low_medium"": 90.0, ""train_medium_high"": 98.0, ""assignment"": ""rank_qcut_three_equal_frequency_bins""}",none,2
phase17,traffic_state,moderate,6,2025,4465,0.5660700901625271,0.8651296357008764,0.0059613118079245,0.0059398437083245,0.924527794062562,0.0,rank_speed_tertiles_fallback_no_free_flow_speed,"{""train_low_medium"": 90.0, ""train_medium_high"": 98.0, ""assignment"": ""rank_qcut_three_equal_frequency_bins""}",none,3
phase17,traffic_state,degraded,6,2025,3730,1.5559436143563197,2.239268891726507,0.0251757707909804,0.0251561093826391,0.984278300871291,174.86766063007946,rank_speed_tertiles_fallback_no_free_flow_speed,"{""train_low_medium"": 90.0, ""train_medium_high"": 98.0, ""assignment"": ""rank_qcut_three_equal_frequency_bins""}",none,1
phase17,traffic_state,free-flow,6,2026,3971,0.8646391458158318,1.3736806626541247,0.0088365565644408,0.0087785071710456,0.0455478278020277,54.26736049728384,rank_speed_tertiles_fallback_no_free_flow_speed,"{""train_low_medium"": 90.0, ""train_medium_high"": 98.0, ""assignment"": ""rank_qcut_three_equal_frequency_bins""}",none,2
phase17,traffic_state,moderate,6,2026,4465,0.5604809358432339,0.9041696636170364,0.005917627413288,0.0058944960944065,0.9175625539850208,0.0,rank_speed_tertiles_fallback_no_free_flow_speed,"{""train_low_medium"": 90.0, ""train_medium_high"": 98.0, ""assignment"": ""rank_qcut_three_equal_frequency_bins""}",none,3
phase17,traffic_state,degraded,6,2026,3730,1.4109089951093332,2.080653940640645,0.02311670456544,0.022959071054389,0.9864266610690628,151.7318440076191,rank_speed_tertiles_fallback_no_free_flow_speed,"{""train_low_medium"": 90.0, ""train_medium_high"": 98.0, ""assignment"": ""rank_qcut_three_equal_frequency_bins""}",none,1
phase17,traffic_state,free-flow,6,3407,3971,0.8501386832182247,1.3751180226312756,0.0086939853069031,0.0086322245179223,0.0435493879410048,48.9123289210392,rank_speed_tertiles_fallback_no_free_flow_speed,"{""train_low_medium"": 90.0, ""train_medium_high"": 98.0, ""assignment"": ""rank_qcut_three_equal_frequency_bins""}",none,2
phase17,traffic_state,moderate,6,3407,4465,0.5708987894944622,0.8679216937327142,0.0060144747446449,0.006000609023162,0.9240398606802472,0.0,rank_speed_tertiles_fallback_no_free_flow_speed,"{""train_low_medium"": 90.0, ""train_medium_high"": 98.0, ""assignment"": ""rank_qcut_three_equal_frequency_bins""}",none,3
phase17,traffic_state,degraded,6,3407,3730,1.5050434828443755,2.167720207890852,0.0255633902786977,0.0251355776369095,0.9852669236495436,163.627022957451,rank_speed_tertiles_fallback_no_free_flow_speed,"{""train_low_medium"": 90.0, ""train_medium_high"": 98.0, ""assignment"": ""rank_qcut_three_equal_frequency_bins""}",none,1
